{
    "total_runtime": 418.0195014476776,
    "num_documents": 1127,
    "input_load_time": 0,
    "workflows": {
        "create_base_text_units": {
            "overall": 0.21772360801696777,
            "0_orderby": 0.001998424530029297,
            "1_zip": 0.0019996166229248047,
            "2_aggregate_override": 0.010003089904785156,
            "3_chunk": 0.1667170524597168,
            "4_select": 0.0019996166229248047,
            "5_unroll": 0.0020008087158203125,
            "6_rename": 0.0019991397857666016,
            "7_genid": 0.008998394012451172,
            "8_unzip": 0.003001689910888672,
            "9_copy": 0.0029997825622558594,
            "10_filter": 0.01200246810913086
        },
        "create_base_extracted_entities": {
            "overall": 1.6157526969909668,
            "0_entity_extract": 1.3917357921600342,
            "1_merge_graphs": 0.22101712226867676
        },
        "create_summarized_entities": {
            "overall": 48.32077503204346,
            "0_summarize_descriptions": 48.31777358055115
        },
        "create_base_entity_graph": {
            "overall": 0.14799785614013672,
            "0_cluster_graph": 0.14099884033203125,
            "1_select": 0.004001140594482422
        },
        "create_final_entities": {
            "overall": 150.08051800727844,
            "0_unpack_graph": 0.06800055503845215,
            "1_rename": 0.004999637603759766,
            "2_select": 0.00400090217590332,
            "3_dedupe": 0.003998994827270508,
            "4_rename": 0.003999471664428711,
            "5_filter": 0.011999845504760742,
            "6_text_split": 0.007000446319580078,
            "7_drop": 0.005020618438720703,
            "8_merge": 0.028002023696899414,
            "9_text_embed": 149.91849422454834,
            "10_drop": 0.004998207092285156,
            "11_filter": 0.015002965927124023
        },
        "create_final_nodes": {
            "overall": 0.4232203960418701,
            "0_layout_graph": 0.20710182189941406,
            "1_unpack_graph": 0.06400275230407715,
            "2_unpack_graph": 0.06775856018066406,
            "3_drop": 0.005994558334350586,
            "4_filter": 0.016999483108520508,
            "5_select": 0.0060024261474609375,
            "6_rename": 0.005997419357299805,
            "7_join": 0.009541988372802734,
            "8_convert": 0.026998043060302734,
            "9_rename": 0.008002281188964844
        },
        "create_final_communities": {
            "overall": 0.3085319995880127,
            "0_unpack_graph": 0.06654620170593262,
            "1_unpack_graph": 0.06104326248168945,
            "2_aggregate_override": 0.00800323486328125,
            "3_join": 0.011996746063232422,
            "4_join": 0.010999917984008789,
            "5_concat": 0.007001399993896484,
            "6_filter": 0.05655050277709961,
            "7_aggregate_override": 0.015250921249389648,
            "8_join": 0.010003089904785156,
            "9_filter": 0.018998384475708008,
            "10_fill": 0.007586002349853516,
            "11_merge": 0.011999130249023438,
            "12_copy": 0.008556127548217773,
            "13_select": 0.007998466491699219
        },
        "join_text_units_to_entity_ids": {
            "overall": 0.048084259033203125,
            "0_select": 0.008328437805175781,
            "1_unroll": 0.010172843933105469,
            "2_aggregate_override": 0.02200007438659668
        },
        "create_final_relationships": {
            "overall": 0.1925525665283203,
            "0_unpack_graph": 0.0735478401184082,
            "1_filter": 0.025007247924804688,
            "2_rename": 0.008999824523925781,
            "3_filter": 0.025999069213867188,
            "4_drop": 0.009999990463256836,
            "5_compute_edge_combined_degree": 0.011999845504760742,
            "6_convert": 0.019002437591552734,
            "7_convert": 0.009998559951782227
        },
        "join_text_units_to_relationship_ids": {
            "overall": 0.06200051307678223,
            "0_select": 0.010000944137573242,
            "1_unroll": 0.012001276016235352,
            "2_aggregate_override": 0.018999814987182617,
            "3_select": 0.011000394821166992
        },
        "create_final_community_reports": {
            "overall": 213.62042331695557,
            "0_prepare_community_reports_nodes": 0.016000032424926758,
            "1_prepare_community_reports_edges": 0.014001846313476562,
            "2_restore_community_hierarchy": 0.013999223709106445,
            "3_prepare_community_reports": 0.17070889472961426,
            "4_create_community_reports": 213.38119268417358,
            "5_window": 0.014000654220581055
        },
        "create_final_text_units": {
            "overall": 0.10000944137573242,
            "0_select": 0.011999845504760742,
            "1_rename": 0.013000726699829102,
            "2_join": 0.017000198364257812,
            "3_join": 0.017000675201416016,
            "4_aggregate_override": 0.01600956916809082,
            "5_select": 0.013997554779052734
        },
        "create_base_documents": {
            "overall": 0.17592787742614746,
            "0_unroll": 0.015000104904174805,
            "1_select": 0.014000415802001953,
            "2_rename": 0.013999462127685547,
            "3_join": 0.017000198364257812,
            "4_aggregate_override": 0.025000572204589844,
            "5_join": 0.01901555061340332,
            "6_rename": 0.01493072509765625,
            "7_convert": 0.04398036003112793
        },
        "create_final_documents": {
            "overall": 0.028999805450439453,
            "0_rename": 0.015997886657714844
        }
    }
}